normalized	canonical	reason
abc	abc	abbreviation
abe	abe	proper-noun
abi	abi	not-a-word
able	able	foreign
abou	abou	not-a-word
abu	abu	not-a-word
achas	achas	inflection
acres	acres	obscure
ada	ada	proper-noun
adaga	adaga	offensive
adam	adam	proper-noun
adama	adama	proper-noun
adao	adão	proper-noun
ade	ade	not-a-word
adel	adel	proper-noun
adela	adela	proper-noun
adele	adele	proper-noun
adi	adi	not-a-word
ado	ado	not-a-word
agnes	agnes	proper-noun
ago	ago	foreign
agra	agra	archaic
ahn	ahn	interjection
aids	aids	abbreviation
aie	aie	not-a-word
aino	aino	foreign
airai	airai	not-a-word
aires	aires	proper-noun
alamo	álamo	obscure
alana	alana	proper-noun
alba	alba	archaic
alie	alie	inflection
alpes	alpes	proper-noun
alter	alter	foreign
amane	amane	not-a-word
amaro	amaro	obscure
amas	amas	inflection
amato	amato	proper-noun
amen	ámen	unclueable
ames	ames	inflection
amina	amina	obscure
amir	amir	obscure
amore	amore	foreign
amos	amos	archaic
amu	amu	not-a-word
anais	anais	obscene
anal	anal	obscene
anata	anata	not-a-word
andas	andas	inflection
andes	andes	proper-noun
angel	angel	foreign
anglo	anglo	abbreviation
angus	angus	foreign
ania	ania	not-a-word
anime	anime	foreign
anita	anita	proper-noun
anja	anja	inflection
anti	anti	not-a-word
anus	ânus	obscene
apa	apa	abbreviation
ape	apê	abbreviation
apena	apena	obscure
apex	apex	foreign
apo	apo	not-a-word
apolo	apolo	proper-noun
ara	ara	obscure
aras	aras	obscure
are	are	obscure
argel	argel	proper-noun
argo	argo	proper-noun
argos	argos	proper-noun
arma	arma	offensive
armas	armas	offensive
arras	arras	obscure
arre	arre	interjection
aru	aru	not-a-word
asi	asi	foreign
asia	ásia	proper-noun
asma	asma	offensive
astra	astra	brand
atila	átila	proper-noun
atm	atm	abbreviation
auto	auto	obscure
ava	ava	proper-noun
avila	ávila	proper-noun
baal	baal	proper-noun
babe	babe	inflection
babel	babel	proper-noun
babi	babi	proper-noun
babu	babu	not-a-word
bacon	bacon	foreign
bada	bada	not-a-word
bagos	bagos	obscene
baio	baio	obscure
baja	baja	foreign
balam	balam	obscure
bali	bali	proper-noun
bana	bana	not-a-word
banes	banes	foreign
bang	bang	foreign
bangs	bangs	foreign
bari	bari	proper-noun
bario	bário	obscure
baste	baste	inflection
bates	bates	inflection
begum	begum	foreign
bei	bei	archaic
bel	bel	proper-noun
belem	belém	proper-noun
berna	berna	proper-noun
berta	berta	proper-noun
beto	beto	proper-noun
beu	béu	not-a-word
bia	bia	proper-noun
bibi	bibi	interjection
bicha	bicha	offensive
bimbo	bimbo	foreign
bina	bina	brand
bio	bio	abbreviation
bip	bip	interjection
bipou	bipou	obscure
bips	bips	foreign
bit	bit	foreign
bits	bits	foreign
bixa	bixa	offensive
bla	blá	interjection
blitz	blitz	foreign
blog	blog	foreign
blogs	blogs	foreign
blues	blues	foreign
bocao	bocão	inflection
bodo	bodo	obscure
bofe	bofe	obscure
bomba	bomba	offensive
boo	boo	foreign
boom	boom	foreign
bora	bora	interjection
boris	boris	proper-noun
borla	borla	regional
boro	boro	obscure
bos	bos	not-a-word
boson	bóson	obscure
bosta	bosta	obscene
box	box	foreign
boxes	boxes	foreign
braga	braga	proper-noun
brave	brave	foreign
break	break	foreign
bria	bria	not-a-word
bride	bride	foreign
brie	brie	foreign
brito	brito	proper-noun
bruna	bruna	proper-noun
bruno	bruno	proper-noun
buda	buda	proper-noun
bum	bum	interjection
bunda	bunda	obscene
bunga	bunga	not-a-word
burra	burra	offensive
cable	cable	foreign
cacas	caças	offensive
caga	caga	obscene
cagam	cagam	obscene
cagao	cagão	obscene
cagar	cagar	obscene
cago	cago	obscene
cagou	cagou	obscene
cague	cague	obscene
caie	caie	not-a-word
caim	caim	proper-noun
cairo	cairo	proper-noun
cali	cali	proper-noun
calum	calum	not-a-word
cape	cape	foreign
capua	cápua	proper-noun
cari	cari	obscure
caril	caril	regional
carpe	carpe	foreign
carpo	carpo	obscure
carte	carte	foreign
cates	cates	inflection
celso	celso	proper-noun
ceres	ceres	proper-noun
ces	cês	abbreviation
cesar	césar	proper-noun
cesio	césio	obscure
chaco	chaco	proper-noun
chai	chai	foreign
cham	cham	not-a-word
chapo	chapo	obscure
charo	charo	not-a-word
chat	chat	foreign
chau	chau	foreign
chavo	chavo	not-a-word
che	ché	not-a-word
checo	checo	regional
chi	chi	foreign
chiba	chiba	obscure
chica	chica	foreign
chico	chico	proper-noun
chile	chile	proper-noun
chili	chili	foreign
china	china	proper-noun
chino	chino	foreign
chip	chip	foreign
chips	chips	foreign
chiu	chiu	interjection
choi	choi	foreign
cholo	cholo	foreign
chu	chu	not-a-word
chui	chui	proper-noun
chupa	chupa	obscene
chupe	chupe	obscene
chupo	chupo	inflection
cia	cia	abbreviation
cila	cila	not-a-word
cindi	cindi	inflection
cine	cine	abbreviation
cisto	cisto	unclueable
claus	claus	proper-noun
clava	clava	offensive
clavo	clavo	foreign
clear	clear	foreign
cline	cline	not-a-word
clips	clips	foreign
clive	clive	proper-noun
coca	coca	brand
cocas	cocas	obscure
coche	coche	archaic
cocoa	cocoa	foreign
coe	coe	inflection
coito	coito	obscene
coles	coles	not-a-word
coli	coli	abbreviation
color	color	foreign
comas	comas	inflection
combo	combo	foreign
congo	congo	proper-noun
cope	cope	foreign
corao	corão	proper-noun
core	core	foreign
cori	cori	not-a-word
corno	corno	offensive
corsa	corsa	brand
corso	corso	obscure
cosa	cosa	inflection
cosas	cosas	foreign
coto	coto	obscure
cova	cova	offensive
covas	covas	offensive
crack	crack	foreign
cres	crês	inflection
creta	creta	proper-noun
cris	cris	proper-noun
csi	csi	abbreviation
csis	csis	abbreviation
cuba	cuba	proper-noun
cube	cube	foreign
curie	curie	proper-noun
curro	curro	obscure
curry	curry	foreign
cus	cus	obscene
cuspo	cuspo	inflection
dabo	dabo	not-a-word
dafne	dafne	proper-noun
dalai	dalai	proper-noun
dana	dana	proper-noun
danar	danar	obscure
dane	dane	inflection
danem	danem	offensive
danes	danes	not-a-word
dante	dante	proper-noun
date	date	foreign
dede	dede	proper-noun
del	del	foreign
deli	deli	foreign
delia	delia	proper-noun
dembe	dembe	not-a-word
demo	demo	abbreviation
dera	dera	inflection
des	dês	archaic
desai	desai	proper-noun
deva	deva	inflection
devam	devam	inflection
deves	deves	inflection
devi	devi	inflection
diaba	diaba	obscure
diana	diana	proper-noun
dico	dico	not-a-word
didi	didi	proper-noun
die	die	foreign
diet	diet	foreign
digas	digas	inflection
dima	dima	not-a-word
dimas	dimas	proper-noun
dina	dina	proper-noun
dino	dino	abbreviation
diosa	diosa	foreign
diu	diu	abbreviation
dize	dize	archaic
dizei	dizei	inflection
dizes	dizes	inflection
dodo	dodo	foreign
does	does	foreign
doge	doge	archaic
dojo	dojo	foreign
dolce	dolce	foreign
dome	dome	foreign
dora	dora	proper-noun
doris	dóris	proper-noun
drago	drago	obscure
drive	drive	foreign
drogo	drogo	inflection
duche	duche	regional
duda	duda	proper-noun
duma	duma	abbreviation
dumas	dumas	proper-noun
dumbo	dumbo	proper-noun
durex	durex	brand
ebola	ebola	proper-noun
ecra	ecrã	regional
edipo	édipo	proper-noun
egeu	egeu	proper-noun
eia	eia	interjection
elam	elam	proper-noun
elfa	elfa	obscure
elina	elina	proper-noun
emi	emi	not-a-word
ena	ena	not-a-word
endo	endo	not-a-word
enel	enel	brand
enema	enema	obscure
enfia	enfia	obscene
enfie	enfie	obscene
enfio	enfio	obscene
enter	enter	foreign
eres	eres	foreign
ereto	ereto	obscene
erica	erica	proper-noun
eros	eros	proper-noun
esme	esme	proper-noun
esto	esto	archaic
eta	eta	obscure
etc	etc	abbreviation
eva	eva	proper-noun
eve	eve	proper-noun
evo	evo	archaic
evos	evos	archaic
exa	exa	abbreviation
facto	facto	regional
fade	fade	foreign
faire	faire	foreign
falco	falco	proper-noun
fales	fales	inflection
fan	fan	foreign
fane	fane	not-a-word
far	far	not-a-word
faras	farás	inflection
faris	faris	not-a-word
fate	fate	foreign
fax	fax	foreign
faxes	faxes	foreign
faze	faze	inflection
fazei	fazei	inflection
fazes	fazes	inflection
fecal	fecal	obscene
fela	fela	not-a-word
fermi	fermi	proper-noun
ferra	ferra	obscene
ferre	ferre	inflection
fezes	fezes	offensive
fia	fia	inflection
ficas	ficas	inflection
fido	fido	proper-noun
fifa	fifa	abbreviation
fife	fife	foreign
fifi	fifi	not-a-word
fine	fine	foreign
finta	finta	regional
fira	fira	inflection
flaco	flaco	foreign
flame	flame	foreign
flash	flash	foreign
flex	flex	foreign
focus	focus	foreign
foda	foda	obscene
fodam	fodam	obscene
fodas	fodas	obscene
fode	fode	obscene
fodem	fodem	obscene
foder	foder	obscene
fodeu	fodeu	obscene
fodi	fodi	obscene
fodia	fodia	obscene
fodo	fodo	obscene
fores	fores	inflection
foste	foste	inflection
fox	fox	foreign
funk	funk	foreign
fusca	fusca	brand
fuzil	fuzil	offensive
fuzis	fuzis	offensive
gabao	gabão	proper-noun
gabe	gabe	proper-noun
gados	gados	inflection
gael	gael	foreign
gaeta	gaeta	proper-noun
gage	gage	not-a-word
gaia	gaia	obscure
gaja	gaja	regional
gajo	gajo	regional
gajos	gajos	regional
gale	gale	obscure
galia	gália	proper-noun
galra	galra	regional
game	game	foreign
games	games	foreign
ganga	ganga	obscure
ganja	ganja	foreign
gap	gap	foreign
gare	gare	regional
garo	garo	not-a-word
gatao	gatão	inflection
gate	gate	foreign
gates	gates	proper-noun
gauss	gauss	obscure
gave	gave	foreign
gay	gay	foreign
gays	gays	foreign
gaz	gaz	not-a-word
gaza	gaza	proper-noun
gear	gear	foreign
geno	geno	not-a-word
genoa	genoa	proper-noun
geo	geo	abbreviation
gia	gia	regional
gila	gila	proper-noun
gio	gio	not-a-word
gita	gita	not-a-word
glam	glam	foreign
goa	goa	proper-noun
godos	godos	proper-noun
gogo	gogo	not-a-word
golem	golem	foreign
golf	golf	foreign
golo	golo	regional
gomes	gomes	proper-noun
gondo	gondo	not-a-word
gone	gone	foreign
goni	goni	not-a-word
gonzo	gonzo	foreign
gora	gora	regional
gorda	gorda	offensive
gordo	gordo	offensive
gore	gore	foreign
goro	goro	obscure
goto	goto	regional
gouda	gouda	foreign
goza	goza	obscene
gozam	gozam	obscene
gozar	gozar	obscene
goze	goze	obscene
gozei	gozei	obscene
gozo	gozo	obscene
gozou	gozou	obscene
gram	gram	foreign
greco	greco	foreign
greta	greta	obscure
guano	guano	obscure
guapo	guapo	regional
gugu	gugu	proper-noun
guiao	guião	regional
guide	guide	foreign
guido	guido	proper-noun
guine	guiné	proper-noun
guise	guise	foreign
gumbo	gumbo	foreign
guri	guri	regional
guria	guria	regional
gus	gus	proper-noun
gusta	gusta	foreign
gusto	gusto	foreign
hacer	hacer	foreign
hadji	hadji	foreign
hajam	hajam	inflection
haji	haji	foreign
hall	hall	foreign
han	han	proper-noun
hari	hari	not-a-word
harpo	harpo	proper-noun
hasta	hasta	foreign
hei	hei	archaic
hein	hein	interjection
hem	hem	interjection
henry	henry	proper-noun
here	here	foreign
hertz	hertz	foreign
hidro	hidro	abbreviation
himen	hímen	obscene
hines	hines	proper-noun
hiper	hiper	abbreviation
hobby	hobby	foreign
hobo	hobo	foreign
hola	hola	foreign
homo	homo	abbreviation
homos	homos	offensive
honor	honor	foreign
hopi	hopi	foreign
hou	hou	not-a-word
hua	hua	not-a-word
hui	hui	not-a-word
hula	hula	foreign
hum	hum	interjection
iago	iago	proper-noun
ias	ias	inflection
ibis	ibis	obscure
ibope	ibope	brand
icaro	ícaro	proper-noun
ice	ice	foreign
ici	ici	foreign
ide	ide	inflection
ides	ides	archaic
idi	idi	not-a-word
incas	incas	proper-noun
india	índia	proper-noun
indio	índio	offensive
ines	inés	proper-noun
inga	inga	regional
inge	inge	proper-noun
ino	ino	not-a-word
inter	inter	abbreviation
ipo	ipo	abbreviation
ips	ips	abbreviation
iram	iram	inflection
iras	irás	inflection
irena	irena	proper-noun
irene	irene	proper-noun
ires	ires	inflection
irias	irias	inflection
irina	irina	proper-noun
irisa	irisa	obscure
iro	iro	not-a-word
iru	iru	not-a-word
isa	isa	proper-noun
isco	isco	regional
isla	islã	proper-noun
ita	ita	not-a-word
itaca	ítaca	proper-noun
iva	iva	abbreviation
izo	izo	not-a-word
jaco	jaco	not-a-word
jada	jada	proper-noun
jaga	jaga	not-a-word
jan	jan	abbreviation
jana	jana	proper-noun
janai	janai	not-a-word
jane	jane	proper-noun
jango	jango	proper-noun
janja	janja	proper-noun
jano	jano	proper-noun
janos	janos	proper-noun
jante	jante	inflection
japa	japa	offensive
japao	japão	proper-noun
japas	japas	offensive
jar	jar	foreign
java	java	proper-noun
jaz	jaz	archaic
jazem	jazem	archaic
jazia	jazia	inflection
jazz	jazz	foreign
jeans	jeans	foreign
jeep	jeep	brand
jeova	jeová	proper-noun
jesus	jesus	proper-noun
jia	jia	regional
jimbo	jimbo	not-a-word
jinx	jinx	foreign
joana	joana	proper-noun
joao	joão	proper-noun
jobe	jobe	proper-noun
jonas	jonas	proper-noun
jones	jones	proper-noun
jonjo	jonjo	not-a-word
jono	jono	not-a-word
jorge	jorge	proper-noun
jour	jour	foreign
juana	juana	proper-noun
judas	judas	proper-noun
judia	judia	offensive
juju	juju	not-a-word
jule	jule	not-a-word
jules	jules	proper-noun
juma	juma	proper-noun
jun	jun	abbreviation
juna	juna	not-a-word
kart	kart	foreign
khmer	khmer	foreign
kit	kit	foreign
kits	kits	foreign
kung	kung	foreign
lace	lace	inflection
lada	lada	brand
lai	lai	not-a-word
lala	lala	not-a-word
lalo	lalo	proper-noun
lamba	lamba	inflection
lana	lana	proper-noun
lane	lane	proper-noun
lao	lao	obscure
laos	laos	proper-noun
laris	laris	not-a-word
las	las	inflection
laser	laser	foreign
lasse	lasse	not-a-word
later	later	foreign
laura	laura	proper-noun
leda	leda	archaic
legba	legba	proper-noun
lego	lego	brand
leila	leila	proper-noun
lela	lela	not-a-word
lele	lele	not-a-word
lena	lena	proper-noun
leni	leni	proper-noun
leno	leno	not-a-word
leone	leone	proper-noun
lepra	lepra	offensive
leto	leto	not-a-word
lha	lha	inflection
lho	lho	archaic
libia	líbia	proper-noun
libre	libre	foreign
lica	lica	not-a-word
lie	lie	foreign
lies	lies	foreign
light	light	foreign
ligia	lígia	proper-noun
lila	lila	proper-noun
lili	lili	proper-noun
lime	lime	foreign
lina	lina	proper-noun
link	link	foreign
links	links	foreign
lino	lino	proper-noun
lipo	lipo	abbreviation
liras	liras	obscure
lise	lise	obscure
lissa	lissa	not-a-word
lita	lita	not-a-word
lito	lito	not-a-word
live	live	foreign
lives	lives	foreign
livia	lívia	proper-noun
lixem	lixem	inflection
liza	liza	proper-noun
loa	loa	obscure
lobby	lobby	foreign
loca	loca	foreign
loco	loco	foreign
locus	locus	foreign
logar	logar	foreign
login	login	foreign
loire	loire	proper-noun
lolo	lolo	not-a-word
londo	londo	not-a-word
loo	loo	not-a-word
lope	lope	proper-noun
lopes	lopes	proper-noun
lora	lora	regional
lorca	lorca	proper-noun
los	los	inflection
loto	loto	obscure
luana	luana	proper-noun
luca	luca	proper-noun
lucas	lucas	proper-noun
lucia	lúcia	proper-noun
lucio	lúcio	proper-noun
lugo	lugo	proper-noun
luis	luís	proper-noun
lula	lula	proper-noun
lulu	lulu	obscure
luna	luna	foreign
luo	luo	obscure
lupe	lupe	proper-noun
lupo	lupo	brand
lupus	lúpus	obscure
lura	lura	regional
lux	lux	foreign
lyme	lyme	proper-noun
maar	maar	foreign
maari	maari	not-a-word
macau	macau	proper-noun
mace	mace	foreign
macro	macro	abbreviation
mada	mada	not-a-word
made	made	foreign
madi	madi	not-a-word
magda	magda	proper-noun
magoo	magoo	proper-noun
mahdi	mahdi	foreign
mai	mai	abbreviation
maia	maia	proper-noun
maias	maias	proper-noun
maja	maja	obscure
male	male	foreign
mali	mali	proper-noun
malo	malo	foreign
malta	malta	regional
malu	malu	proper-noun
malvo	malvo	not-a-word
mamas	mamas	obscene
mame	mamé	not-a-word
mamo	mamo	inflection
manco	manco	offensive
mandi	mandi	regional
mango	mango	foreign
mani	mani	regional
manju	manju	foreign
manos	manos	regional
manu	manu	proper-noun
manus	manus	not-a-word
maori	maori	proper-noun
maple	maple	foreign
mara	mara	proper-noun
marga	marga	obscure
marge	marge	proper-noun
margo	margo	proper-noun
mari	mari	proper-noun
maria	maria	proper-noun
maris	maris	not-a-word
marta	marta	proper-noun
marte	marte	proper-noun
masa	masa	foreign
matam	matam	offensive
matei	matei	offensive
matem	matem	offensive
mates	mates	inflection
matou	matou	offensive
maura	maura	proper-noun
mauro	mauro	proper-noun
maxi	maxi	abbreviation
maxim	maxim	foreign
maz	maz	not-a-word
mca	mca	abbreviation
meca	meca	proper-noun
mega	mega	abbreviation
melba	melba	proper-noun
melo	melo	not-a-word
melro	melro	obscure
mensa	mensa	foreign
menu	menu	foreign
merda	merda	obscene
metam	metam	obscene
mete	mete	obscene
metem	metem	obscene
meter	meter	obscene
meteu	meteu	obscene
meti	meti	obscene
metia	metia	obscene
meto	meto	obscene
mexas	mexas	inflection
miami	miami	proper-noun
miao	miao	not-a-word
micha	micha	regional
miche	michê	obscene
micro	micro	abbreviation
midas	midas	proper-noun
mija	mija	obscene
mijam	mijam	obscene
mijao	mijão	obscene
mijar	mijar	obscene
mije	mije	obscene
mijei	mijei	obscene
mijo	mijo	obscene
mijou	mijou	obscene
mile	mile	foreign
miles	miles	proper-noun
mili	mili	abbreviation
milo	milo	brand
milos	milos	proper-noun
milu	milu	not-a-word
mimi	mimi	not-a-word
min	min	abbreviation
mine	mine	foreign
mingo	mingo	not-a-word
mini	mini	abbreviation
mino	mino	obscure
minor	minor	foreign
mio	mio	inflection
miojo	miojo	brand
mirai	mirai	inflection
miri	miri	obscure
misa	misa	foreign
miso	miso	foreign
miss	miss	foreign
mita	mita	not-a-word
mocha	mocha	foreign
modem	modem	foreign
modus	modus	foreign
mogo	mogo	not-a-word
moi	moi	foreign
moira	moira	obscure
mojo	mojo	foreign
mol	mol	obscure
mom	mom	foreign
mona	mona	regional
monde	monde	foreign
mondo	mondo	foreign
mongo	mongo	offensive
moni	moni	not-a-word
mono	mono	abbreviation
mons	mons	foreign
moo	moo	inflection
mor	mor	archaic
mores	mores	foreign
mori	mori	not-a-word
morra	morra	offensive
morre	morre	offensive
morse	morse	proper-noun
morta	morta	offensive
mota	mota	regional
motel	motel	offensive
moti	moti	not-a-word
mouro	mouro	obscure
mouse	mouse	foreign
moves	moves	inflection
mui	mui	archaic
multi	multi	abbreviation
mune	mune	inflection
mungo	mungo	obscure
muto	muto	not-a-word
nadir	nadir	obscure
naga	naga	foreign
nagar	nagar	not-a-word
nagi	nagi	not-a-word
nai	nai	not-a-word
nando	nando	proper-noun
nandu	nandu	obscure
nani	nani	not-a-word
nano	nano	not-a-word
nara	nara	proper-noun
narco	narco	abbreviation
nardo	nardo	obscure
naru	naru	not-a-word
nava	nava	not-a-word
nazi	nazi	offensive
nazis	nazis	offensive
neda	neda	not-a-word
negao	negão	offensive
nego	nego	offensive
negra	negra	offensive
nena	nena	regional
neo	neo	not-a-word
nepal	nepal	proper-noun
nerd	nerd	foreign
nerds	nerds	foreign
nero	nero	proper-noun
net	net	foreign
neuro	neuro	abbreviation
neves	neves	proper-noun
nica	nica	not-a-word
nico	nico	proper-noun
nil	nil	foreign
nilo	nilo	proper-noun
nim	nim	not-a-word
nine	nine	foreign
nini	nini	not-a-word
ninja	ninja	foreign
nino	nino	foreign
nis	nis	not-a-word
nita	nita	proper-noun
nitro	nitro	abbreviation
noa	noa	not-a-word
nobel	nobel	proper-noun
noe	noé	proper-noun
noel	noel	proper-noun
noir	noir	foreign
noise	noise	foreign
nola	nola	proper-noun
noma	noma	obscure
non	non	foreign
nope	nope	foreign
nudez	nudez	obscene
nuno	nuno	proper-noun
nylon	nylon	foreign
obesa	obesa	offensive
obeso	obeso	offensive
obito	óbito	offensive
oda	oda	obscure
odo	odo	not-a-word
odum	odum	obscure
ogiva	ogiva	offensive
ogre	ogre	obscure
oica	oiça	regional
oicam	oiçam	regional
olga	olga	proper-noun
olhai	olhai	inflection
olhas	olhas	inflection
olhes	olhes	inflection
olive	olive	foreign
olmo	olmo	obscure
oma	oma	not-a-word
omaha	omaha	proper-noun
omnes	omnes	foreign
omo	omo	brand
ono	ono	not-a-word
opal	opal	foreign
ope	ope	not-a-word
opie	opie	proper-noun
opio	ópio	offensive
ops	ops	interjection
opus	opus	foreign
oque	oquê	not-a-word
orado	orado	obscure
orai	orai	inflection
orgia	orgia	obscene
ori	ori	not-a-word
orto	orto	abbreviation
oscar	óscar	proper-noun
ota	ota	not-a-word
otelo	otelo	proper-noun
otis	otis	proper-noun
otoni	otoni	proper-noun
out	out	foreign
ouves	ouves	inflection
ove	ove	not-a-word
ovnis	óvnis	abbreviation
paco	paco	obscure
padma	padma	foreign
padua	pádua	proper-noun
pager	pager	foreign
pains	pains	foreign
pal	pal	abbreviation
palio	palio	brand
palos	palos	foreign
pan	pan	abbreviation
papua	papua	proper-noun
paras	paras	inflection
paris	páris	proper-noun
pariu	pariu	obscene
parma	parma	proper-noun
parva	parva	regional
pat	pat	foreign
patel	patel	proper-noun
pau	pau	obscene
paul	paul	proper-noun
paula	paula	proper-noun
paulo	paulo	proper-noun
paus	paus	obscene
pause	pause	foreign
pear	pear	foreign
pedes	pedes	inflection
pedro	pedro	proper-noun
pegas	pegas	inflection
peida	peida	obscene
peido	peido	obscene
pence	pence	foreign
penis	pênis	obscene
pepa	pepa	not-a-word
pepe	pepe	proper-noun
peque	peque	inflection
per	per	foreign
peri	peri	proper-noun
perla	perla	foreign
pero	pero	archaic
peru	peru	obscene
perus	perus	obscene
peta	peta	obscure
petar	petar	not-a-word
pete	pete	proper-noun
petra	petra	proper-noun
pez	pez	obscure
pica	pica	obscene
picas	picas	obscene
pie	pie	foreign
pila	pila	regional
pilas	pilas	regional
pili	pili	not-a-word
pimba	pimba	interjection
pina	pina	obscure
pine	pine	foreign
pines	pines	foreign
pinto	pinto	obscene
pipe	pipe	foreign
pipi	pipi	obscene
pire	pire	inflection
pita	pita	regional
pitou	pitou	regional
pixel	pixel	foreign
plus	plus	foreign
pluto	pluto	proper-noun
podes	podes	inflection
poes	pões	inflection
pole	pole	foreign
poli	poli	not-a-word
polio	pólio	abbreviation
pom	pom	not-a-word
ponce	ponce	proper-noun
pongo	pongo	not-a-word
pool	pool	foreign
pop	pop	foreign
pope	pope	foreign
poque	poque	not-a-word
porno	pornô	obscene
porra	porra	obscene
pras	pras	abbreviation
pre	pré	not-a-word
prez	prez	archaic
preze	preze	inflection
prime	prime	foreign
prior	prior	obscure
prius	prius	brand
pro	pro	abbreviation
pru	pru	not-a-word
prum	prum	not-a-word
psi	psi	obscure
psico	psico	abbreviation
pua	pua	obscure
puf	puf	interjection
puja	puja	obscure
pum	pum	obscene
pumba	pumba	interjection
puna	puna	inflection
punk	punk	foreign
punks	punks	foreign
punta	punta	foreign
puri	puri	not-a-word
purim	purim	proper-noun
puser	puser	inflection
puta	puta	obscene
putas	putas	obscene
puto	puto	obscene
putos	putos	obscene
quale	qualé	interjection
quark	quark	obscure
qui	qui	not-a-word
quito	quito	proper-noun
quo	quo	foreign
quota	quota	regional
rabi	rabi	obscure
rabo	rabo	obscene
rabos	rabos	obscene
racha	racha	obscene
rad	rad	abbreviation
rada	rada	not-a-word
rafa	rafa	proper-noun
rafe	rafe	obscure
rafi	rafi	proper-noun
rail	rail	foreign
raja	raja	obscure
rale	ralé	offensive
rama	rama	obscure
rambo	rambo	proper-noun
rami	rami	obscure
rana	rana	not-a-word
rance	rance	not-a-word
rani	rani	obscure
rapa	rapa	obscure
rape	rapé	offensive
rapto	rapto	offensive
rasta	rasta	foreign
rasto	rasto	archaic
rata	rata	obscure
raus	raus	not-a-word
rave	rave	foreign
raves	raves	foreign
reba	reba	obscure
rebel	rebel	foreign
refem	refém	offensive
regal	regal	foreign
remi	remi	inflection
remix	remix	foreign
reno	reno	proper-noun
reste	reste	inflection
retal	retal	unclueable
rex	rex	foreign
reyes	reyes	proper-noun
rice	rice	foreign
ride	ride	foreign
rido	rido	inflection
rifle	rifle	offensive
riga	riga	proper-noun
rina	rina	proper-noun
rinha	rinha	offensive
rino	rino	abbreviation
rirem	rirem	inflection
risa	risa	not-a-word
rita	rita	proper-noun
riz	riz	foreign
robot	robot	foreign
rock	rock	foreign
rodes	rodes	inflection
rogai	rogai	inflection
rogo	rogo	inflection
rogue	rogue	foreign
rojas	rojas	proper-noun
rojo	rojo	archaic
rola	rola	obscene
rom	rom	abbreviation
romeu	romeu	proper-noun
rosca	rosca	obscene
rosco	rosco	regional
roses	roses	foreign
rouge	rouge	foreign
round	round	foreign
rpm	rpm	abbreviation
rudo	rudo	foreign
rue	rue	foreign
rui	rui	proper-noun
rule	rule	foreign
rules	rules	foreign
rumi	rumi	proper-noun
rupa	rupa	not-a-word
rus	rus	not-a-word
rush	rush	foreign
rute	rute	proper-noun
saba	sabá	obscure
sabes	sabes	inflection
sable	sable	foreign
sabra	sabra	foreign
sacha	sacha	proper-noun
saco	saco	offensive
sada	sada	not-a-word
sade	sade	proper-noun
safe	safe	foreign
sage	sage	foreign
sail	sail	foreign
salem	salém	proper-noun
sama	sama	not-a-word
sana	sana	inflection
sano	sano	archaic
sansa	sansa	proper-noun
sari	sari	foreign
saru	saru	not-a-word
sata	satã	proper-noun
sati	sati	foreign
saxao	saxão	obscure
score	score	foreign
sec	séc	abbreviation
seios	seios	obscene
sejas	sejas	inflection
selem	selem	inflection
semen	sêmen	obscene
semi	semi	not-a-word
sena	sena	obscure
seras	serás	inflection
set	set	foreign
sets	sets	foreign
sexo	sexo	offensive
sexos	sexos	obscene
sexy	sexy	foreign
shop	shop	foreign
short	short	foreign
show	show	foreign
shows	shows	foreign
shoyu	shoyu	foreign
sia	sia	proper-noun
siao	sião	proper-noun
sic	sic	foreign
sida	sida	abbreviation
sidi	sidi	foreign
sie	sie	not-a-word
siena	siena	proper-noun
signe	signe	not-a-word
silas	silas	proper-noun
silva	silva	proper-noun
sima	sima	not-a-word
simao	simão	proper-noun
simba	simba	proper-noun
sinai	sinai	proper-noun
sins	sins	inflection
sira	sira	not-a-word
sire	sire	foreign
siria	síria	proper-noun
siro	siro	not-a-word
sita	sita	archaic
site	site	foreign
sites	sites	foreign
skate	skate	foreign
slide	slide	foreign
soba	soba	foreign
soco	soco	offensive
socos	socos	offensive
soe	soe	obscure
soem	soem	inflection
sofia	sofia	proper-noun
sois	sois	inflection
sole	sole	foreign
sona	sona	not-a-word
soo	soo	inflection
soque	soque	inflection
sor	sor	archaic
sora	sora	not-a-word
sore	sore	foreign
sosa	sosa	proper-noun
soto	soto	obscure
soul	soul	foreign
sousa	sousa	proper-noun
souza	souza	proper-noun
spa	spa	foreign
spam	spam	foreign
spas	spas	foreign
spin	spin	foreign
split	split	foreign
spray	spray	foreign
sta	sta	abbreviation
step	step	foreign
stout	stout	foreign
sub	sub	abbreviation
sucre	sucre	proper-noun
sudao	sudão	proper-noun
sue	sue	inflection
sui	sui	foreign
suica	suíça	proper-noun
suis	suis	foreign
suna	suna	obscure
super	super	not-a-word
surf	surf	foreign
suri	suri	not-a-word
surra	surra	offensive
suru	suru	not-a-word
sus	sus	abbreviation
sushi	sushi	foreign
sutra	sutra	obscure
tabor	tabor	obscure
tai	tai	not-a-word
tale	tale	foreign
tales	tales	proper-noun
tali	tali	not-a-word
talio	tálio	obscure
tama	tama	not-a-word
tamo	tamo	not-a-word
tamos	tamos	abbreviation
tana	tana	not-a-word
tanco	tanco	not-a-word
tane	tane	not-a-word
tanis	tanis	not-a-word
tanja	tanja	inflection
tano	tano	not-a-word
taos	taos	foreign
tapas	tapas	offensive
tape	tape	foreign
taque	taque	not-a-word
tara	tara	obscene
tarso	tarso	obscure
tarte	tarte	regional
tas	tás	abbreviation
tata	tata	not-a-word
tate	tate	not-a-word
tatsu	tatsu	foreign
tau	tau	obscure
tava	tava	not-a-word
tease	tease	foreign
tebas	tebas	proper-noun
teca	teca	obscure
teco	teco	obscure
tecto	tecto	archaic
tele	tele	abbreviation
telex	telex	archaic
tempe	tempe	foreign
teno	teno	not-a-word
tens	tens	inflection
tera	tera	not-a-word
teras	terás	inflection
teres	teres	obscure
terre	terre	foreign
tesao	tesão	obscene
tesla	tesla	proper-noun
teta	teta	obscene
tetas	tetas	obscene
tetra	tetra	abbreviation
tiana	tiana	proper-noun
tiao	tião	proper-noun
tifo	tifo	offensive
tila	tila	not-a-word
tilda	tilda	obscure
tima	tima	not-a-word
timo	timo	obscure
timor	timor	proper-noun
tiros	tiros	offensive
tis	tis	not-a-word
titi	titi	obscure
tito	tito	proper-noun
tobin	tobin	proper-noun
toe	toe	foreign
togo	togo	proper-noun
tojo	tojo	obscure
tomas	tomas	inflection
tome	tomé	proper-noun
tone	tone	foreign
toner	toner	foreign
tonga	tonga	proper-noun
tonho	tonho	proper-noun
tono	tono	obscure
too	too	foreign
top	top	foreign
tops	tops	foreign
tordo	tordo	obscure
tore	tore	not-a-word
torgo	torgo	not-a-word
tori	tori	foreign
toro	toro	foreign
toros	toros	foreign
toru	toru	not-a-word
toto	totó	regional
trade	trade	foreign
traio	traio	inflection
trans	trans	abbreviation
trepa	trepa	obscene
trepo	trepo	obscene
tri	tri	abbreviation
trina	trina	obscure
trini	trini	not-a-word
tris	tris	not-a-word
troia	troia	proper-noun
tsar	tsar	foreign
tube	tube	foreign
tuco	tuco	not-a-word
tula	tula	proper-noun
tulio	túlio	proper-noun
tum	tum	interjection
tumba	tumba	offensive
tumor	tumor	offensive
tuna	tuna	regional
tune	tune	foreign
tunes	tunes	foreign
turbo	turbo	foreign
tutti	tutti	foreign
udo	udo	not-a-word
udu	udu	not-a-word
ufo	ufo	abbreviation
ufos	ufos	foreign
ugo	ugo	proper-noun
ultra	ultra	not-a-word
una	una	inflection
unas	unas	inflection
uno	uno	foreign
unos	unos	foreign
upa	upa	interjection
urais	urais	proper-noun
urano	urano	proper-noun
uri	uri	not-a-word
urine	urine	inflection
usas	usas	inflection
uta	uta	not-a-word
vadia	vadia	offensive
vais	vais	inflection
val	val	proper-noun
valda	valda	brand
vali	vali	inflection
van	van	foreign
vara	vara	obscene
varas	varas	obscene
varga	varga	regional
vas	vás	inflection
vasco	vasco	proper-noun
vaze	vaze	inflection
veado	veado	offensive
vede	vede	inflection
vejas	vejas	inflection
velo	velo	obscure
vens	vens	inflection
veras	verás	inflection
veres	veres	inflection
verna	verna	proper-noun
verne	verne	proper-noun
vero	vero	archaic
ves	vês	inflection
vesga	vesga	offensive
vesgo	vesgo	offensive
vesta	vesta	proper-noun
vete	vete	not-a-word
viado	viado	offensive
viera	viera	inflection
vigo	vigo	proper-noun
vinde	vinde	inflection
vip	vip	abbreviation
vires	vires	inflection
visco	visco	obscure
visom	visom	obscure
viste	viste	inflection
vita	vita	foreign
vitro	vitro	foreign
vitus	vitus	proper-noun
vives	vives	inflection
vizir	vizir	obscure
voado	voado	inflection
vogue	vogue	foreign
volvo	volvo	brand
von	von	foreign
vos	vos	archaic
vosso	vosso	archaic
vudu	vudu	obscure
vulva	vulva	obscene
vuno	vuno	not-a-word
watt	watt	foreign
watts	watts	foreign
web	web	foreign
weber	weber	proper-noun
xelim	xelim	obscure
xena	xena	proper-noun
xerez	xerez	obscure
xerox	xerox	brand
xixi	xixi	obscene
xogum	xogum	obscure
xota	xota	obscene
yang	yang	foreign
yin	yin	foreign
zaire	zaire	proper-noun
zama	zama	not-a-word
zana	zana	not-a-word
zeno	zeno	proper-noun
zeta	zeta	obscure
zia	zia	foreign
zina	zina	not-a-word
zito	zito	proper-noun
zoe	zoe	proper-noun
zola	zola	proper-noun
zona	zona	offensive
zonas	zonas	offensive
zone	zone	inflection
zoo	zoo	abbreviation
zoom	zoom	foreign
zorro	zorro	proper-noun
zulu	zulu	proper-noun
zulus	zulus	proper-noun
zum	zum	interjection
zumba	zumba	brand
